,Number of triples,Number of triples_p-value,Number of triples (metadata),Number of triples (metadata)_p-value,Accuracy,Accuracy_p-value,Age of data,Age of data_p-value,Amount of data,Amount of data_p-value,Author (metadata),Author (metadata)_p-value,Availability for download (metadata),Availability for download (metadata)_p-value,Availability for download (query),Availability for download (query)_p-value,Availability of RDF dump (metadata),Availability of RDF dump (metadata)_p-value,Availability of RDF dump (query),Availability of RDF dump (query)_p-value,Availability,Availability_p-value,Believability,Believability_p-value,Clustering coefficient,Clustering coefficient_p-value,Completeness,Completeness_p-value,Conciseness,Conciseness_p-value,Consistency,Consistency_p-value,Currency,Currency_p-value,Degree of connection,Degree of connection_p-value,Deprecated classes/properties used,Deprecated classes/properties used_p-value,Description,Description_p-value,Entities as member of disjoint class,Entities as member of disjoint class_p-value,Functional properties with inconsistent values,Functional properties with inconsistent values_p-value,Inactive links,Inactive links_p-value,Interlinking completeness,Interlinking completeness_p-value,Interlinking,Interlinking_p-value,Interpretability,Interpretability_p-value,Invalid usage of inverse-functional properties,Invalid usage of inverse-functional properties_p-value,Is on a trusted provider list,Is on a trusted provider list_p-value,Languages (query),Languages (query)_p-value,License human redeable,License human redeable_p-value,License machine redeable (metadata),License machine redeable (metadata)_p-value,Licensing,Licensing_p-value,Limited,Limited_p-value,Max length URIs (object),Max length URIs (object)_p-value,Max length URIs (predicate),Max length URIs (predicate)_p-value,Max length URIs (subject),Max length URIs (subject)_p-value,MaxTPNoOff,MaxTPNoOff_p-value,Maximum throughput,Maximum throughput_p-value,Min length URIs (object),Min length URIs (object)_p-value,Min length URIs (predicate),Min length URIs (predicate)_p-value,Min length URIs (subject),Min length URIs (subject)_p-value,MinTPNoOff,MinTPNoOff_p-value,Minimum throughput,Minimum throughput_p-value,Modification date,Modification date_p-value,Normalized,Normalized_p-value,Number of blank nodes,Number of blank nodes_p-value,Number of entities,Number of entities_p-value,Number of entities counted with regex,Number of entities counted with regex_p-value,Number of labels/comments present on the data,Number of labels/comments present on the data_p-value,Number of property,Number of property_p-value,Number of samAs chains,Number of samAs chains_p-value,Number of triples (query),Number of triples (query)_p-value,Number of triples linked,Number of triples linked_p-value,Number of triples updated,Number of triples updated_p-value,Ontology Hijacking problem,Ontology Hijacking problem_p-value,Performance,Performance_p-value,Presence of example,Presence of example_p-value,Rep. Conciseness,Rep. Conciseness_p-value,Interoperability,Interoperability_p-value,Reputation,Reputation_p-value,Requires authentication,Requires authentication_p-value,Score,Score_p-value,Security,Security_p-value,Signed,Signed_p-value,Sparql endpoint,Sparql endpoint_p-value,Time elapsed since last modification,Time elapsed since last modification_p-value,Triples with empty annotation problem,Triples with empty annotation problem_p-value,Triples with malformed data type literals problem,Triples with malformed data type literals problem_p-value,Triples with misplaced class problem,Triples with misplaced class problem_p-value,Triples with misplaced property problem,Triples with misplaced property problem_p-value,Triples with white space in annotation(at the beginning or at the end),Triples with white space in annotation(at the beginning or at the end)_p-value,URIs Deferenceability,URIs Deferenceability_p-value,Undefined class used without declaration,Undefined class used without declaration_p-value,Undefined properties used without declaration,Undefined properties used without declaration_p-value,Understandability,Understandability_p-value,Use HTTPS,Use HTTPS_p-value,Use RDF structures,Use RDF structures_p-value,Uses RDF structures,Uses RDF structures_p-value,Verifiability,Verifiability_p-value,Versatility,Versatility_p-value,Timeliness,Timeliness_p-value
Number of triples,1.0,***,0.94,***,0.4,***,0.43,***,0.38,***,,,0.3,***,0.04,,0.3,***,0.04,,0.04,,0.36,***,,,0.15,***,0.41,***,0.4,***,-0.37,***,0.0,,-0.5,***,,,-0.61,***,,,0.22,***,0.29,***,0.39,***,0.39,***,,,-0.13,***,,,0.51,***,,,0.46,***,0.43,***,-0.3,***,0.27,**,-0.04,,-0.1,,-0.1,,-0.32,***,-0.57,***,0.2,*,-0.1,,0.01,,,,0.61,***,0.43,***,0.52,***,,,0.87,***,0.68,***,0.68,***,1.0,***,0.61,***,-0.03,,,,0.41,***,0.19,***,0.39,***,0.42,***,0.45,***,,,0.6,***,0.41,***,,,0.63,***,-0.22,*,,,0.25,**,,,-0.04,,0.56,***,-0.3,***,0.16,,0.61,***,0.32,***,0.24,**,0.36,***,0.36,***,0.53,***,0.29,***,0.27,***
Number of triples (metadata),0.94,***,1.0,***,0.19,***,0.13,,0.2,***,,,0.27,***,-0.02,,0.27,***,-0.02,,-0.07,**,0.4,***,,,0.12,***,0.22,***,0.22,***,-0.2,***,0.02,,-0.23,**,,,0.06,,,,0.21,***,0.35,***,0.19,***,0.21,***,,,-0.12,***,,,0.28,**,,,0.43,***,0.29,***,-0.24,**,0.07,,0.0,,0.02,,0.01,,-0.0,,-0.01,,0.27,**,0.05,,0.11,,,,0.52,***,0.19,*,0.34,*,,,0.45,***,0.35,***,0.34,***,0.46,***,0.65,***,0.03,,,,0.19,***,0.19,***,0.21,***,0.21,***,0.49,***,,,0.51,***,0.19,***,,,0.24,***,-0.12,,,,0.09,,,,0.07,,0.24,**,-0.05,,0.09,,0.2,*,0.27,***,-0.14,,0.17,*,0.17,*,0.46,***,0.13,***,0.15,***
Accuracy,0.4,***,0.19,***,1.0,***,0.07,,0.91,***,,,0.28,***,-0.08,,0.28,***,-0.08,,0.49,***,-0.05,*,,,0.44,***,0.92,***,0.93,***,-0.9,***,-0.01,,-0.13,,,,0.09,,,,-0.02,,-0.11,***,0.96,***,0.96,***,,,-0.11,***,,,-0.21,*,,,0.19,***,-0.06,,0.15,,0.37,***,0.24,**,0.13,,0.13,,-0.18,*,0.08,,-0.21,*,0.13,,0.11,,,,0.47,***,-0.16,*,0.11,,,,0.08,,-0.02,,0.05,,-0.27,***,0.16,***,0.07,,,,0.96,***,0.01,,0.96,***,0.9,***,0.08,**,,,0.48,***,0.96,***,,,0.94,***,0.14,,,,-0.06,,,,,,0.01,,0.07,,,,-0.17,*,0.32,***,-0.06,,0.12,,0.12,,0.42,***,0.65,***,0.55,***
Age of data,0.43,***,0.13,,0.07,,1.0,***,-0.06,,,,-0.13,,0.21,*,-0.13,,0.21,*,-0.15,,0.24,**,,,-0.22,*,-0.13,,0.4,***,,,0.37,***,-0.72,***,,,0.11,,,,0.17,,-0.24,**,0.16,,0.19,*,,,0.02,,,,0.33,**,,,0.15,,0.17,,-0.18,,0.25,*,-0.05,,-0.15,,-0.16,,-0.2,*,-0.46,***,0.26,**,-0.13,,-0.07,,,,0.47,***,0.08,,0.27,,,,0.49,***,0.45,***,0.31,***,0.43,***,0.13,,-0.52,***,,,-0.16,,0.28,**,-0.33,***,-0.51,***,0.23,*,,,0.47,***,0.32,***,,,,,0.03,,,,-0.1,,,,-0.03,,0.51,***,-0.09,,,,0.46,***,0.58,***,0.32,***,-0.03,,-0.03,,0.45,***,-0.16,,0.69,***
Amount of data,0.38,***,0.2,***,0.91,***,-0.06,,1.0,***,,,0.28,***,-0.37,***,0.28,***,-0.37,***,0.46,***,-0.06,**,,,0.42,***,0.87,***,0.88,***,-0.84,***,-0.01,,-0.23,**,,,0.2,,,,-0.04,,-0.1,***,0.89,***,0.88,***,,,-0.12,***,,,0.07,,,,0.2,***,0.1,,0.05,,0.04,,0.21,*,0.03,,0.04,,-0.47,***,0.17,,-0.28,***,0.16,*,0.23,**,,,0.46,***,0.11,,0.15,,,,0.05,,0.03,,0.07,,-0.01,,0.18,***,0.37,***,,,0.9,***,0.01,,0.87,***,0.85,***,0.08,***,,,0.46,***,0.91,***,,,0.88,***,-0.08,,,,0.35,***,,,0.28,***,0.02,,-0.17,,0.38,***,0.05,,0.3,***,-0.17,*,0.26,**,0.26,**,0.4,***,0.61,***,0.58,***
Author (metadata),,,,,,,,,,,,***,,,,,,,,,,,,,,,,,,,,,,,,,,,,,,,,,,,,,,,,,,,,,,,,,,,,,,,,,,,,,,,,,,,,,,,,,,,,,,,,,,,,,,,,,,,,,,,,,,,,,,,,,,,,,,,,,,,,,,,,,,,,,,,,,,,,,,,,,,,,,,,,,,,,,,
Availability for download (metadata),0.3,***,0.27,***,0.28,***,-0.13,,0.28,***,,,1.0,***,0.05,,1.0,***,0.05,,0.24,***,-0.02,,,,0.15,***,0.26,***,0.25,***,-0.27,***,-0.24,***,0.07,,,,-0.33,*,,,0.05,*,0.06,**,0.28,***,0.25,***,,,-0.26,***,,,-0.12,,,,0.25,***,-0.0,,0.14,,-0.07,,0.18,*,-0.13,,-0.13,,0.09,,0.21,*,0.05,,-0.11,,-0.14,,,,0.32,***,-0.16,*,-0.25,,,,-0.2,*,-0.15,,-0.13,,-0.2,*,0.19,***,-0.05,,,,0.28,***,-0.03,,0.25,***,0.31,***,0.07,**,,,0.32,***,0.29,***,,,0.4,***,0.3,***,,,0.01,,,,0.08,,-0.2,*,-0.17,*,0.02,,0.03,,0.09,***,-0.08,,0.02,,0.02,,0.29,***,0.3,***,0.15,***
Availability for download (query),0.04,,-0.02,,-0.08,,0.21,*,-0.37,***,,,0.05,,1.0,***,0.05,,1.0,***,0.36,***,0.28,***,,,0.0,,-0.35,***,-0.27,***,-0.13,,-0.11,,-0.06,,,,0.7,***,,,-0.1,,0.01,,0.25,**,-0.24,**,,,0.28,**,,,0.31,**,,,0.2,*,-0.02,,0.21,*,0.33,***,0.12,,0.01,,0.01,,-0.02,,-0.42,***,-0.02,,-0.09,,0.02,,,,-0.03,,0.2,*,-0.26,,,,0.07,,0.17,*,0.29,***,0.04,,-0.1,,-0.13,,,,0.08,,0.25,**,-0.11,,-0.18,*,-0.03,,,,-0.04,,0.02,,,,,,0.04,,,,-0.19,*,,,-0.29,***,0.01,,0.21,*,-0.09,,-0.21,**,0.26,**,0.03,,-0.05,,-0.05,,0.5,***,0.37,***,-0.09,
Availability of RDF dump (metadata),0.3,***,0.27,***,0.28,***,-0.13,,0.28,***,,,1.0,***,0.05,,1.0,***,0.05,,0.24,***,-0.02,,,,0.15,***,0.26,***,0.25,***,-0.27,***,-0.24,***,0.07,,,,-0.33,*,,,0.05,*,0.06,**,0.28,***,0.25,***,,,-0.26,***,,,-0.12,,,,0.25,***,-0.0,,0.14,,-0.07,,0.18,*,-0.13,,-0.13,,0.09,,0.21,*,0.05,,-0.11,,-0.14,,,,0.32,***,-0.16,*,-0.25,,,,-0.2,*,-0.15,,-0.13,,-0.2,*,0.19,***,-0.05,,,,0.28,***,-0.03,,0.25,***,0.31,***,0.07,**,,,0.32,***,0.29,***,,,0.4,***,0.3,***,,,0.01,,,,0.08,,-0.2,*,-0.17,*,0.02,,0.03,,0.09,***,-0.08,,0.02,,0.02,,0.29,***,0.3,***,0.15,***
Availability of RDF dump (query),0.04,,-0.02,,-0.08,,0.21,*,-0.37,***,,,0.05,,1.0,***,0.05,,1.0,***,0.36,***,0.28,***,,,0.0,,-0.35,***,-0.27,***,-0.13,,-0.11,,-0.06,,,,0.7,***,,,-0.1,,0.01,,0.25,**,-0.24,**,,,0.28,**,,,0.31,**,,,0.2,*,-0.02,,0.21,*,0.33,***,0.12,,0.01,,0.01,,-0.02,,-0.42,***,-0.02,,-0.09,,0.02,,,,-0.03,,0.2,*,-0.26,,,,0.07,,0.17,*,0.29,***,0.04,,-0.1,,-0.13,,,,0.08,,0.25,**,-0.11,,-0.18,*,-0.03,,,,-0.04,,0.02,,,,,,0.04,,,,-0.19,*,,,-0.29,***,0.01,,0.21,*,-0.09,,-0.21,**,0.26,**,0.03,,-0.05,,-0.05,,0.5,***,0.37,***,-0.09,
Availability,0.04,,-0.07,**,0.49,***,-0.15,,0.46,***,,,0.24,***,0.36,***,0.24,***,0.36,***,1.0,***,-0.29,***,,,0.24,***,0.48,***,0.47,***,-0.46,***,-0.17,***,0.3,***,,,0.82,***,,,-0.79,***,-0.26,***,0.47,***,0.47,***,,,-0.18,***,,,0.21,*,,,-0.1,***,-0.29,***,0.02,,0.07,,-0.36,***,-0.05,,-0.06,,0.31,***,-0.21,*,0.22,*,-0.08,,0.03,,,,0.22,***,-0.12,,-0.25,,,,-0.19,*,0.01,,-0.0,,-0.29,***,-0.14,***,-0.2,*,,,0.51,***,-0.1,***,0.47,***,0.48,***,-0.13,***,,,0.22,***,0.51,***,,,0.87,***,-0.37,***,,,-0.15,,,,-0.15,,-0.17,*,0.68,***,-0.19,*,-0.31,***,0.04,,-0.08,,-0.24,**,-0.24,**,0.04,,0.36,***,0.24,***
Believability,0.36,***,0.4,***,-0.05,*,0.24,**,-0.06,**,,,-0.02,,0.28,***,-0.02,,0.28,***,-0.29,***,1.0,***,,,-0.02,,-0.03,,-0.03,,0.03,,0.33,***,-0.28,***,,,0.52,***,,,0.32,***,0.44,***,-0.05,*,-0.04,,,,0.84,***,,,0.42,***,,,0.47,***,0.07,,-0.42,***,0.15,,-0.34,***,-0.13,,-0.15,,0.08,,-0.38,***,0.38,***,-0.19,*,-0.05,,,,0.61,***,0.04,,0.27,*,,,0.55,***,0.49,***,0.51,***,0.45,***,0.39,***,-0.26,**,,,-0.05,*,0.08,***,-0.04,,-0.05,*,0.3,***,,,0.61,***,-0.04,,,,0.12,*,-0.38,***,,,0.07,,,,-0.18,*,0.36,***,0.31,***,-0.06,,0.21,**,0.06,**,0.27,***,-0.09,,-0.09,,0.46,***,-0.06,**,0.02,
Clustering coefficient,,,,,,,,,,,,,,,,,,,,,,,,,,***,,,,,,,,,,,,,,,,,,,,,,,,,,,,,,,,,,,,,,,,,,,,,,,,,,,,,,,,,,,,,,,,,,,,,,,,,,,,,,,,,,,,,,,,,,,,,,,,,,,,,,,,,,,,,,,,,,,,,,,,,,,,,,,,,,,,,,,,
Completeness,0.15,***,0.12,***,0.44,***,-0.22,*,0.42,***,,,0.15,***,0.0,,0.15,***,0.0,,0.24,***,-0.02,,,,1.0,***,0.43,***,0.41,***,-0.47,***,-0.01,,0.07,,,,-0.02,,,,-0.05,*,0.12,***,0.44,***,0.46,***,,,-0.06,*,,,-0.04,,,,0.09,***,-0.23,**,0.04,,-0.08,,0.02,,0.03,,0.03,,0.2,*,0.21,*,0.07,,0.05,,0.07,,,,0.22,***,-0.21,**,-0.39,**,,,-0.14,,-0.09,,-0.04,,-0.26,***,0.17,***,-0.12,,,,0.43,***,0.0,,0.46,***,0.42,***,0.1,***,,,0.22,***,0.43,***,,,0.37,***,-0.08,,,,-0.15,,,,0.18,*,-0.06,,0.26,**,0.02,,-0.31,***,0.12,***,-0.05,,-0.15,,-0.15,,0.19,***,0.37,***,0.03,
Conciseness,0.41,***,0.22,***,0.92,***,-0.13,,0.87,***,,,0.26,***,-0.35,***,0.26,***,-0.35,***,0.48,***,-0.03,,,,0.43,***,1.0,***,0.96,***,-0.9,***,-0.02,,0.08,,,,-0.67,***,,,-0.03,,-0.11,***,0.88,***,0.95,***,,,-0.11,***,,,-0.14,,,,0.2,***,0.13,,0.23,**,-0.07,,0.35,***,0.29,***,0.28,***,-0.14,,0.36,***,-0.41,***,0.35,***,0.24,**,,,0.47,***,0.12,,0.47,***,,,0.03,,-0.11,,0.01,,0.03,,0.19,***,0.34,***,,,0.95,***,0.01,,0.94,***,0.89,***,0.1,***,,,0.47,***,0.95,***,,,0.9,***,0.24,**,,,-0.0,,,,0.31,***,-0.29,***,-0.44,***,0.22,*,-0.14,,0.3,***,-0.27,***,0.31,***,0.31,***,0.44,***,0.61,***,0.56,***
Consistency,0.4,***,0.22,***,0.93,***,0.4,***,0.88,***,,,0.25,***,-0.27,***,0.25,***,-0.27,***,0.47,***,-0.03,,,,0.41,***,0.96,***,1.0,***,-0.93,***,-0.0,,-0.62,***,,,-0.79,***,,,-0.03,,-0.1,***,0.9,***,0.96,***,,,-0.1,***,,,0.24,*,,,0.2,***,0.21,*,-0.3,***,0.21,*,0.18,*,0.12,,0.12,,-0.39,***,-0.02,,-0.09,,0.18,*,0.27,***,,,0.46,***,0.14,,0.49,***,,,0.61,***,0.48,***,0.36,***,0.48,***,0.2,***,0.01,,,,0.93,***,0.01,,0.95,***,0.87,***,0.11,***,,,0.46,***,0.92,***,,,0.87,***,-0.09,,,,0.15,,,,0.3,***,0.44,***,-0.39,***,0.33,***,0.31,***,0.31,***,-0.1,,0.38,***,0.38,***,0.43,***,0.59,***,0.59,***
Currency,-0.37,***,-0.2,***,-0.9,***,,,-0.84,***,,,-0.27,***,-0.13,,-0.27,***,-0.13,,-0.46,***,0.03,,,,-0.47,***,-0.9,***,-0.93,***,1.0,***,-0.01,,0.19,*,,,0.23,,,,0.02,,0.08,***,-0.87,***,-0.92,***,,,0.11,***,,,0.04,,,,-0.18,***,0.12,,-0.06,,-0.07,,-0.21,*,-0.16,*,-0.15,,0.1,,-0.12,,0.24,**,-0.16,*,-0.2,*,,,-0.45,***,0.1,,-0.0,,,,-0.21,**,-0.1,,-0.11,,0.03,,-0.19,***,0.05,,,,-0.91,***,-0.02,,-0.92,***,-0.84,***,-0.11,***,,,-0.45,***,-0.9,***,,,-0.86,***,,,,,-0.01,,,,-0.35,***,0.06,,0.07,,-0.31,***,0.25,**,-0.31,***,0.25,**,-0.1,,-0.1,,-0.42,***,-0.61,***,-0.52,***
Degree of connection,0.0,,0.02,,-0.01,,0.37,***,-0.01,,,,-0.24,***,-0.11,,-0.24,***,-0.11,,-0.17,***,0.33,***,,,-0.01,,-0.02,,-0.0,,-0.01,,1.0,***,-0.5,***,,,-0.38,*,,,0.21,***,0.29,***,-0.01,,-0.01,,,,0.31,***,,,0.14,,,,0.02,,0.04,,-0.28,**,-0.14,,-0.06,,-0.23,**,-0.23,**,0.02,,0.01,,0.27,**,-0.24,**,-0.16,,,,0.15,***,-0.23,*,0.35,*,,,0.58,***,0.36,***,0.43,***,0.52,***,0.28,***,-0.24,*,,,-0.01,,-0.05,,-0.02,,-0.04,,0.54,***,,,0.14,***,-0.01,,,,0.18,**,-0.21,*,,,0.03,,,,0.2,*,0.54,***,-0.14,,0.07,,0.5,***,-0.04,,0.4,***,0.0,,0.0,,0.16,***,-0.09,***,0.09,**
Deprecated classes/properties used,-0.5,***,-0.23,**,-0.13,,-0.72,***,-0.23,**,,,0.07,,-0.06,,0.07,,-0.06,,0.3,***,-0.28,***,,,0.07,,0.08,,-0.62,***,0.19,*,-0.5,***,1.0,***,,,-0.0,,,,-0.16,,0.09,,-0.22,**,-0.35,***,,,0.01,,,,-0.34,**,,,-0.03,,-0.15,,0.27,**,-0.27,**,-0.12,,0.34,***,0.33,***,0.33,***,0.26,**,-0.25,**,0.26,**,0.15,,,,-0.36,***,0.03,,-0.22,,,,-0.6,***,-0.54,***,-0.32,***,-0.5,***,-0.28,***,0.37,***,,,0.32,***,-0.16,,0.4,***,0.57,***,-0.38,***,,,-0.36,***,-0.2,*,,,,,0.05,,,,-0.14,,,,-0.16,,-0.39,***,0.24,**,-0.06,,-0.49,***,-0.59,***,-0.2,*,-0.14,,-0.14,,-0.46,***,0.36,***,-0.64,***
Description,,,,,,,,,,,,,,,,,,,,,,,,,,,,,,,,,,,,,,,,***,,,,,,,,,,,,,,,,,,,,,,,,,,,,,,,,,,,,,,,,,,,,,,,,,,,,,,,,,,,,,,,,,,,,,,,,,,,,,,,,,,,,,,,,,,,,,,,,,,,,,,,,,,,,,,,,,,,,,,,,,,
Entities as member of disjoint class,-0.61,***,0.06,,0.09,,0.11,,0.2,,,,-0.33,*,0.7,***,-0.33,*,0.7,***,0.82,***,0.52,***,,,-0.02,,-0.67,***,-0.79,***,0.23,,-0.38,*,-0.0,,,,1.0,***,,,-0.6,***,-0.02,,0.82,***,-0.49,***,,,0.63,**,,,0.88,***,,,0.49,***,,,0.67,***,0.54,,0.52,***,0.32,*,0.28,,-0.07,,-0.37,,-0.14,,0.42,**,0.39,**,,,0.39,**,0.54,***,0.34,*,,,-0.46,**,0.62,***,0.86,***,-0.61,***,-0.27,,0.69,***,,,0.48,**,0.09,,0.48,**,0.29,,-0.36,*,,,0.4,**,-0.73,***,,,,,-0.42,**,,,0.08,,,,-0.37,*,-0.5,***,0.77,***,,,-0.82,***,0.09,,-0.73,***,0.09,,0.09,,0.37,*,0.74,***,-0.22,
Functional properties with inconsistent values,,,,,,,,,,,,,,,,,,,,,,,,,,,,,,,,,,,,,,,,,,,,***,,,,,,,,,,,,,,,,,,,,,,,,,,,,,,,,,,,,,,,,,,,,,,,,,,,,,,,,,,,,,,,,,,,,,,,,,,,,,,,,,,,,,,,,,,,,,,,,,,,,,,,,,,,,,,,,,,,,,,
Inactive links,0.22,***,0.21,***,-0.02,,0.17,,-0.04,,,,0.05,*,-0.1,,0.05,*,-0.1,,-0.79,***,0.32,***,,,-0.05,*,-0.03,,-0.03,,0.02,,0.21,***,-0.16,,,,-0.6,***,,,1.0,***,0.26,***,-0.03,,-0.02,,,,0.1,***,,,-0.19,,,,0.27,***,0.21,*,0.18,*,0.0,,0.38,***,0.05,,0.06,,-0.2,*,0.05,,-0.17,*,0.03,,-0.09,,,,0.11,***,0.06,,0.15,,,,0.05,,-0.16,,-0.02,,0.1,,0.28,***,0.02,,,,-0.03,,0.17,***,-0.02,,-0.03,,0.2,***,,,0.11,***,-0.03,,,,-0.31,***,0.37,***,,,-0.07,,,,0.04,,0.09,,-0.32,***,0.04,,0.11,,0.16,***,0.17,*,0.06,,0.06,,0.25,***,-0.05,*,0.03,
Interlinking completeness,0.29,***,0.35,***,-0.11,***,-0.24,**,-0.1,***,,,0.06,**,0.01,,0.06,**,0.01,,-0.26,***,0.44,***,,,0.12,***,-0.11,***,-0.1,***,0.08,***,0.29,***,0.09,,,,-0.02,,,,0.26,***,1.0,***,-0.1,***,-0.1,***,,,0.28,***,,,-0.02,,,,0.3,***,-0.25,**,0.02,,-0.1,,0.0,,0.03,,0.03,,0.23,**,0.22,*,0.07,,0.05,,0.07,,,,0.3,***,-0.22,**,-0.39,**,,,-0.16,*,-0.1,,-0.05,,-0.27,***,0.62,***,-0.13,,,,-0.11,***,0.01,,-0.1,***,-0.12,***,0.47,***,,,0.3,***,-0.11,***,,,-0.12,*,-0.1,,,,-0.14,,,,0.18,*,-0.07,,0.26,**,0.03,,-0.32,***,-0.03,,-0.06,,-0.18,*,-0.18,*,0.33,***,-0.06,**,-0.1,***
Interlinking,0.39,***,0.19,***,0.96,***,0.16,,0.89,***,,,0.28,***,0.25,**,0.28,***,0.25,**,0.47,***,-0.05,*,,,0.44,***,0.88,***,0.9,***,-0.87,***,-0.01,,-0.22,**,,,0.82,***,,,-0.03,,-0.1,***,1.0,***,0.92,***,,,-0.1,***,,,0.24,*,,,0.2,***,-0.01,,-0.13,,0.24,*,-0.15,,-0.28,***,-0.28,***,0.1,,-0.23,*,0.24,**,-0.31,***,-0.15,,,,0.46,***,-0.12,,-0.19,,,,0.35,***,0.28,***,0.58,***,0.06,,0.17,***,-0.13,,,,0.93,***,0.0,,0.92,***,0.86,***,0.08,***,,,0.46,***,0.92,***,,,0.87,***,-0.2,*,,,0.02,,,,-0.18,*,0.27,**,0.22,**,0.01,,0.04,,0.31,***,0.28,***,-0.06,,-0.06,,0.42,***,0.63,***,0.58,***
Interpretability,0.39,***,0.21,***,0.96,***,0.19,*,0.88,***,,,0.25,***,-0.24,**,0.25,***,-0.24,**,0.47,***,-0.04,,,,0.46,***,0.95,***,0.96,***,-0.92,***,-0.01,,-0.35,***,,,-0.49,***,,,-0.02,,-0.1,***,0.92,***,1.0,***,,,-0.11,***,,,0.15,,,,0.19,***,0.04,,-0.09,,0.12,,0.15,,0.08,,0.07,,-0.26,**,0.07,,-0.15,,0.13,,0.19,*,,,0.46,***,-0.15,,0.11,,,,0.56,***,0.28,**,0.41,***,0.31,***,0.19,***,0.02,,,,0.93,***,0.02,,0.99,***,0.87,***,0.09,***,,,0.46,***,0.92,***,,,0.87,***,-0.21,*,,,0.14,,,,0.21,*,0.39,***,-0.18,*,0.26,**,0.16,*,0.32,***,0.1,,0.11,,0.11,,0.43,***,0.6,***,0.59,***
Invalid usage of inverse-functional properties,,,,,,,,,,,,,,,,,,,,,,,,,,,,,,,,,,,,,,,,,,,,,,,,,,,,,,***,,,,,,,,,,,,,,,,,,,,,,,,,,,,,,,,,,,,,,,,,,,,,,,,,,,,,,,,,,,,,,,,,,,,,,,,,,,,,,,,,,,,,,,,,,,,,,,,,,,,,,,,,,,,
Is on a trusted provider list,-0.13,***,-0.12,***,-0.11,***,0.02,,-0.12,***,,,-0.26,***,0.28,**,-0.26,***,0.28,**,-0.18,***,0.84,***,,,-0.06,*,-0.11,***,-0.1,***,0.11,***,0.31,***,0.01,,,,0.63,**,,,0.1,***,0.28,***,-0.1,***,-0.11,***,,,1.0,***,,,0.38,**,,,0.12,***,0.07,,-0.14,,0.34,**,0.06,,-0.14,,-0.15,,0.05,,-0.31,**,0.22,,-0.22,*,-0.1,,,,0.31,***,0.18,,0.3,,,,0.25,*,0.33,**,0.39,***,0.22,*,0.08,**,-0.06,,,,-0.11,***,-0.21,***,-0.1,***,-0.13,***,0.14,***,,,0.31,***,-0.11,***,,,-0.08,,-0.21,,,,-0.08,,,,-0.38,***,0.07,,0.4,***,-0.08,,0.04,,-0.23,***,0.19,,-0.1,,-0.1,,0.2,***,-0.11,***,-0.06,*
Languages (query),,,,,,,,,,,,,,,,,,,,,,,,,,,,,,,,,,,,,,,,,,,,,,,,,,,,,,,,,,***,,,,,,,,,,,,,,,,,,,,,,,,,,,,,,,,,,,,,,,,,,,,,,,,,,,,,,,,,,,,,,,,,,,,,,,,,,,,,,,,,,,,,,,,,,,,,,,,,,,,,,,,
License human redeable,0.51,***,0.28,**,-0.21,*,0.33,**,0.07,,,,-0.12,,0.31,**,-0.12,,0.31,**,0.21,*,0.42,***,,,-0.04,,-0.14,,0.24,*,0.04,,0.14,,-0.34,**,,,0.88,***,,,-0.19,,-0.02,,0.24,*,0.15,,,,0.38,**,,,1.0,***,,,0.91,***,0.19,,-0.06,,0.48,***,-0.06,,0.04,,0.01,,-0.42,***,-0.46,***,0.06,,0.04,,0.33,**,,,0.52,***,0.54,***,0.28,,,,0.53,***,0.54,***,0.49,***,0.51,***,0.09,,-0.06,,,,0.12,,0.24,*,-0.02,,-0.23,*,0.18,,,,0.52,***,0.07,,,,,,-0.49,***,,,0.14,,,,-0.19,,0.21,,0.09,,0.09,,0.17,,0.35,***,0.07,,0.11,,0.11,,0.46,***,0.12,,0.57,***
License machine redeable (metadata),,,,,,,,,,,,,,,,,,,,,,,,,,,,,,,,,,,,,,,,,,,,,,,,,,,,,,,,,,,,,,***,,,,,,,,,,,,,,,,,,,,,,,,,,,,,,,,,,,,,,,,,,,,,,,,,,,,,,,,,,,,,,,,,,,,,,,,,,,,,,,,,,,,,,,,,,,,,,,,,,,,
Licensing,0.46,***,0.43,***,0.19,***,0.15,,0.2,***,,,0.25,***,0.2,*,0.25,***,0.2,*,-0.1,***,0.47,***,,,0.09,***,0.2,***,0.2,***,-0.18,***,0.02,,-0.03,,,,0.49,***,,,0.27,***,0.3,***,0.2,***,0.19,***,,,0.12,***,,,0.91,***,,,1.0,***,0.1,,0.11,,0.28,**,-0.03,,0.12,,0.11,,-0.26,**,-0.22,*,-0.05,,0.15,,0.22,**,,,0.69,***,0.43,***,0.17,,,,0.06,,0.31,***,0.28,***,0.11,,0.29,***,0.14,,,,0.21,***,-0.09,***,0.19,***,0.2,***,0.08,***,,,0.7,***,0.2,***,,,0.27,***,-0.24,**,,,0.08,,,,-0.09,,-0.06,,0.11,,0.07,,-0.11,,-0.02,,-0.05,,0.03,,0.03,,0.65,***,0.17,***,0.13,***
Limited,0.43,***,0.29,***,-0.06,,0.17,,0.1,,,,-0.0,,-0.02,,-0.0,,-0.02,,-0.29,***,0.07,,,,-0.23,**,0.13,,0.21,*,0.12,,0.04,,-0.15,,,,,,,,0.21,*,-0.25,**,-0.01,,0.04,,,,0.07,,,,0.19,,,,0.1,,1.0,***,-0.01,,0.19,,0.25,**,-0.07,,-0.08,,-0.4,***,-0.29,**,-0.17,,-0.03,,-0.11,,,,0.02,,0.34,***,0.58,***,,,0.31,***,0.3,***,0.36,***,0.43,***,0.18,*,0.29,**,,,-0.14,,0.04,,0.11,,-0.14,,0.15,,,,0.03,,-0.06,,,,,,0.15,,,,0.23,**,,,-0.1,,0.07,,-0.32,***,-0.06,,0.27,**,0.04,,-0.05,,0.35,***,0.35,***,0.12,,-0.21,*,0.2,*
Max length URIs (object),-0.3,***,-0.24,**,0.15,,-0.18,,0.05,,,,0.14,,0.21,*,0.14,,0.21,*,0.02,,-0.42,***,,,0.04,,0.23,**,-0.3,***,-0.06,,-0.28,**,0.27,**,,,0.67,***,,,0.18,*,0.02,,-0.13,,-0.09,,,,-0.14,,,,-0.06,,,,0.11,,-0.01,,1.0,***,0.11,,0.51,***,0.39,***,0.4,***,-0.13,,0.24,*,-0.42,***,0.43,***,0.28,***,,,-0.02,,0.25,**,0.09,,,,-0.47,***,-0.29,***,-0.19,*,-0.3,***,-0.2,*,0.21,*,,,0.43,***,-0.19,*,0.46,***,0.22,*,-0.3,***,,,-0.02,,-0.29,***,,,,,0.23,*,,,-0.12,,,,-0.01,,-0.52,***,-0.02,,-0.04,,-0.49,***,-0.38,***,-0.29,***,0.02,,0.02,,-0.03,,0.52,***,-0.18,*
Max length URIs (predicate),0.27,**,0.07,,0.37,***,0.25,*,0.04,,,,-0.07,,0.33,***,-0.07,,0.33,***,0.07,,0.15,,,,-0.08,,-0.07,,0.21,*,-0.07,,-0.14,,-0.27,**,,,0.54,,,,0.0,,-0.1,,0.24,*,0.12,,,,0.34,**,,,0.48,***,,,0.28,**,0.19,,0.11,,1.0,***,0.31,**,-0.11,,-0.12,,-0.46,***,-0.44,***,-0.04,,-0.15,,-0.04,,,,0.34,***,0.35,***,0.52,*,,,0.39,***,0.68,***,0.42,***,0.27,**,-0.0,,0.22,*,,,0.11,,0.28,**,0.11,,-0.25,**,0.1,,,,0.33,***,0.0,,,,,,0.09,,,,0.06,,,,-0.53,***,0.03,,-0.04,,0.22,*,-0.16,,0.38,***,0.0,,0.44,***,0.44,***,0.45,***,0.15,,0.32,***
Max length URIs (subject),-0.04,,0.0,,0.24,**,-0.05,,0.21,*,,,0.18,*,0.12,,0.18,*,0.12,,-0.36,***,-0.34,***,,,0.02,,0.35,***,0.18,*,-0.21,*,-0.06,,-0.12,,,,0.52,***,,,0.38,***,0.0,,-0.15,,0.15,,,,0.06,,,,-0.06,,,,-0.03,,0.25,**,0.51,***,0.31,**,1.0,***,0.23,**,0.24,**,-0.45,***,0.11,,-0.36,***,0.26,**,0.13,,,,0.1,,0.28,**,0.34,*,,,-0.12,,-0.02,,-0.01,,-0.04,,0.14,,0.27,**,,,0.23,**,-0.12,,0.44,***,-0.03,,0.04,,,,0.1,,-0.32,***,,,,,0.5,***,,,0.09,,,,-0.03,,-0.32,***,-0.39,***,0.2,*,-0.22,*,-0.15,,-0.35,***,0.33,***,0.33,***,0.16,,0.14,,0.04,
MaxTPNoOff,-0.1,,0.02,,0.13,,-0.15,,0.03,,,,-0.13,,0.01,,-0.13,,0.01,,-0.05,,-0.13,,,,0.03,,0.29,***,0.12,,-0.16,*,-0.23,**,0.34,***,,,0.32,*,,,0.05,,0.03,,-0.28,***,0.08,,,,-0.14,,,,0.04,,,,0.12,,-0.07,,0.39,***,-0.11,,0.23,**,1.0,***,0.98,***,-0.07,,0.19,*,-0.41,***,0.95,***,0.84,***,,,0.2,*,0.19,*,0.07,,,,-0.15,,-0.16,,-0.16,,-0.1,,0.01,,0.12,,,,0.82,***,0.02,,0.49,***,0.26,***,-0.08,,,,0.2,**,-0.45,***,,,,,-0.0,,,,-0.04,,,,0.1,,-0.25,**,-0.07,,0.18,*,-0.38,***,-0.12,,-0.45,***,0.04,,0.04,,0.06,,0.28,***,-0.13,
Maximum throughput,-0.1,,0.01,,0.13,,-0.16,,0.04,,,,-0.13,,0.01,,-0.13,,0.01,,-0.06,,-0.15,,,,0.03,,0.28,***,0.12,,-0.15,,-0.23,**,0.33,***,,,0.28,,,,0.06,,0.03,,-0.28,***,0.07,,,,-0.15,,,,0.01,,,,0.11,,-0.08,,0.4,***,-0.12,,0.24,**,0.98,***,1.0,***,-0.08,,0.19,*,-0.41,***,0.95,***,0.84,***,,,0.19,*,0.2,*,0.05,,,,-0.15,,-0.18,*,-0.17,*,-0.1,,0.01,,0.14,,,,0.81,***,0.01,,0.48,***,0.25,**,-0.08,,,,0.19,*,-0.45,***,,,,,0.01,,,,-0.04,,,,0.09,,-0.25,**,-0.07,,0.17,,-0.38,***,-0.12,,-0.45,***,0.03,,0.03,,0.06,,0.27,***,-0.12,
Min length URIs (object),-0.32,***,-0.0,,-0.18,*,-0.2,*,-0.47,***,,,0.09,,-0.02,,0.09,,-0.02,,0.31,***,0.08,,,,0.2,*,-0.14,,-0.39,***,0.1,,0.02,,0.33,***,,,-0.07,,,,-0.2,*,0.23,**,0.1,,-0.26,**,,,0.05,,,,-0.42,***,,,-0.26,**,-0.4,***,-0.13,,-0.46,***,-0.45,***,-0.07,,-0.08,,1.0,***,0.24,*,0.52,***,-0.11,,-0.14,,,,-0.33,***,-0.38,***,-0.29,*,,,-0.18,*,-0.22,*,-0.19,*,-0.32,***,-0.07,,-0.47,***,,,-0.07,,-0.01,,-0.2,*,0.14,,-0.04,,,,-0.33,***,0.15,,,,,,-0.16,,,,-0.4,***,,,0.11,,0.14,,0.37,***,-0.38,***,-0.12,,-0.06,,0.15,,-0.58,***,-0.58,***,-0.11,,0.02,,-0.38,***
Min length URIs (predicate),-0.57,***,-0.01,,0.08,,-0.46,***,0.17,,,,0.21,*,-0.42,***,0.21,*,-0.42,***,-0.21,*,-0.38,***,,,0.21,*,0.36,***,-0.02,,-0.12,,0.01,,0.26,**,,,-0.37,,,,0.05,,0.22,*,-0.23,*,0.07,,,,-0.31,**,,,-0.46,***,,,-0.22,*,-0.29,**,0.24,*,-0.44,***,0.11,,0.19,*,0.19,*,0.24,*,1.0,***,-0.04,,0.23,*,-0.02,,,,-0.19,*,-0.33,***,-0.28,,,,-0.66,***,-0.56,***,-0.51,***,-0.57,***,0.18,*,0.18,,,,0.1,,-0.3,***,0.31,***,0.44,***,-0.02,,,,-0.18,,-0.26,**,,,,,0.23,*,,,-0.12,,,,0.37,***,-0.24,*,-0.17,,-0.05,,-0.31,***,-0.43,***,-0.26,**,-0.17,,-0.17,,-0.41,***,-0.18,*,-0.46,***
Min length URIs (subject),0.2,*,0.27,**,-0.21,*,0.26,**,-0.28,***,,,0.05,,-0.02,,0.05,,-0.02,,0.22,*,0.38,***,,,0.07,,-0.41,***,-0.09,,0.24,**,0.27,**,-0.25,**,,,-0.14,,,,-0.17,*,0.07,,0.24,**,-0.15,,,,0.22,,,,0.06,,,,-0.05,,-0.17,,-0.42,***,-0.04,,-0.36,***,-0.41,***,-0.41,***,0.52,***,-0.04,,1.0,***,-0.46,***,-0.42,***,,,-0.1,,-0.2,*,-0.54,***,,,0.35,***,0.4,***,0.26,**,0.2,*,0.16,,-0.46,***,,,-0.45,***,0.13,,-0.47,***,-0.26,**,0.26,**,,,-0.11,,0.29,***,,,,,-0.15,,,,-0.23,**,,,-0.02,,0.48,***,0.29,***,-0.17,,0.27,**,0.23,**,0.33,***,-0.34,***,-0.34,***,0.15,,-0.23,**,0.01,
MinTPNoOff,-0.1,,0.05,,0.13,,-0.13,,0.16,*,,,-0.11,,-0.09,,-0.11,,-0.09,,-0.08,,-0.19,*,,,0.05,,0.35,***,0.18,*,-0.16,*,-0.24,**,0.26,**,,,0.42,**,,,0.03,,0.05,,-0.31,***,0.13,,,,-0.22,*,,,0.04,,,,0.15,,-0.03,,0.43,***,-0.15,,0.26,**,0.95,***,0.95,***,-0.11,,0.23,*,-0.46,***,1.0,***,0.86,***,,,0.25,**,0.2,*,0.09,,,,-0.15,,-0.15,,-0.2,*,-0.1,,0.06,,0.16,,,,0.78,***,-0.04,,0.48,***,0.23,**,-0.04,,,,0.26,**,-0.49,***,,,,,-0.04,,,,-0.01,,,,0.2,*,-0.28,***,-0.1,,0.17,,-0.37,***,-0.12,,-0.49,***,0.07,,0.07,,0.05,,0.26,***,-0.06,
Minimum throughput,0.01,,0.11,,0.11,,-0.07,,0.23,**,,,-0.14,,0.02,,-0.14,,0.02,,0.03,,-0.05,,,,0.07,,0.24,**,0.27,***,-0.2,*,-0.16,,0.15,,,,0.39,**,,,-0.09,,0.07,,-0.15,,0.19,*,,,-0.1,,,,0.33,**,,,0.22,**,-0.11,,0.28,***,-0.04,,0.13,,0.84,***,0.84,***,-0.14,,-0.02,,-0.42,***,0.86,***,1.0,***,,,0.35,***,0.23,**,0.06,,,,-0.02,,-0.02,,-0.06,,0.01,,0.05,,0.08,,,,0.74,***,0.02,,0.37,***,0.07,,0.01,,,,0.35,***,-0.44,***,,,,,-0.25,**,,,0.09,,,,0.21,*,-0.15,,-0.03,,0.3,***,-0.3,***,0.01,,-0.44,***,0.11,,0.11,,0.19,*,0.26,**,0.06,
Modification date,,,,,,,,,,,,,,,,,,,,,,,,,,,,,,,,,,,,,,,,,,,,,,,,,,,,,,,,,,,,,,,,,,,,,,,,,,,,,,,,,,,,,,,,***,,,,,,,,,,,,,,,,,,,,,,,,,,,,,,,,,,,,,,,,,,,,,,,,,,,,,,,,,,,,,,,,,,,,,,,,,,
Normalized,0.61,***,0.52,***,0.47,***,0.47,***,0.46,***,,,0.32,***,-0.03,,0.32,***,-0.03,,0.22,***,0.61,***,,,0.22,***,0.47,***,0.46,***,-0.45,***,0.15,***,-0.36,***,,,0.39,**,,,0.11,***,0.3,***,0.46,***,0.46,***,,,0.31,***,,,0.52,***,,,0.69,***,0.02,,-0.02,,0.34,***,0.1,,0.2,*,0.19,*,-0.33,***,-0.19,*,-0.1,,0.25,**,0.35,***,,,1.0,***,0.24,**,0.32,*,,,0.51,***,0.48,***,0.47,***,0.29,***,0.43,***,-0.04,,,,0.49,***,0.21,***,0.46,***,0.52,***,0.28,***,,,1.0,***,0.49,***,,,0.84,***,-0.32,***,,,0.16,,,,-0.06,,0.33,***,0.1,,0.22,*,0.01,,0.38,***,0.11,,0.18,*,0.18,*,0.79,***,0.43,***,0.27,***
Number of blank nodes,0.43,***,0.19,*,-0.16,*,0.08,,0.11,,,,-0.16,*,0.2,*,-0.16,*,0.2,*,-0.12,,0.04,,,,-0.21,**,0.12,,0.14,,0.1,,-0.23,*,0.03,,,,0.54,***,,,0.06,,-0.22,**,-0.12,,-0.15,,,,0.18,,,,0.54,***,,,0.43,***,0.34,***,0.25,**,0.35,***,0.28,**,0.19,*,0.2,*,-0.38,***,-0.33,***,-0.2,*,0.2,*,0.23,**,,,0.24,**,1.0,***,0.46,***,,,0.14,,0.26,**,0.31,***,0.43,***,0.1,,0.41,***,,,0.22,**,0.01,,0.21,**,-0.07,,0.1,,,,0.25,**,-0.2,*,,,,,0.2,*,,,0.26,**,,,-0.3,***,-0.19,*,-0.13,,-0.01,,-0.09,,-0.05,,-0.22,**,0.26,**,0.26,**,0.37,***,0.0,,0.09,
Number of entities,0.52,***,0.34,*,0.11,,0.27,,0.15,,,,-0.25,,-0.26,,-0.25,,-0.26,,-0.25,,0.27,*,,,-0.39,**,0.47,***,0.49,***,-0.0,,0.35,*,-0.22,,,,0.34,*,,,0.15,,-0.39,**,-0.19,,0.11,,,,0.3,,,,0.28,,,,0.17,,0.58,***,0.09,,0.52,*,0.34,*,0.07,,0.05,,-0.29,*,-0.28,,-0.54,***,0.09,,0.06,,,,0.32,*,0.46,***,1.0,***,,,0.27,,0.45,**,0.73,***,0.4,**,0.19,,0.82,***,,,0.05,,-0.11,,0.19,,-0.13,,0.27,,,,0.33,*,-0.1,,,,-0.05,,-0.3,*,,,0.37,*,,,0.17,,0.1,,-0.27,,,,0.37,*,0.13,,-0.25,,0.58,***,0.58,***,-0.1,,-0.4,**,0.38,**
Number of entities counted with regex,,,,,,,,,,,,,,,,,,,,,,,,,,,,,,,,,,,,,,,,,,,,,,,,,,,,,,,,,,,,,,,,,,,,,,,,,,,,,,,,,,,,,,,,,,,,,,,,***,,,,,,,,,,,,,,,,,,,,,,,,,,,,,,,,,,,,,,,,,,,,,,,,,,,,,,,,,,,,,,,,,,
Number of labels/comments present on the data,0.87,***,0.45,***,0.08,,0.49,***,0.05,,,,-0.2,*,0.07,,-0.2,*,0.07,,-0.19,*,0.55,***,,,-0.14,,0.03,,0.61,***,-0.21,**,0.58,***,-0.6,***,,,-0.46,**,,,0.05,,-0.16,*,0.35,***,0.56,***,,,0.25,*,,,0.53,***,,,0.06,,0.31,***,-0.47,***,0.39,***,-0.12,,-0.15,,-0.15,,-0.18,*,-0.66,***,0.35,***,-0.15,,-0.02,,,,0.51,***,0.14,,0.27,,,,1.0,***,0.71,***,0.73,***,0.87,***,0.34,***,-0.26,**,,,-0.26,**,0.22,**,-0.22,**,-0.52,***,0.53,***,,,0.5,***,0.32,***,,,,,-0.28,**,,,0.13,,,,-0.07,,0.74,***,-0.16,,0.08,,0.57,***,0.73,***,0.32,***,0.24,**,0.24,**,0.52,***,-0.38,***,0.69,***
Number of property,0.68,***,0.35,***,-0.02,,0.45,***,0.03,,,,-0.15,,0.17,*,-0.15,,0.17,*,0.01,,0.49,***,,,-0.09,,-0.11,,0.48,***,-0.1,,0.36,***,-0.54,***,,,0.62,***,,,-0.16,,-0.1,,0.28,***,0.28,**,,,0.33,**,,,0.54,***,,,0.31,***,0.3,***,-0.29,***,0.68,***,-0.02,,-0.16,,-0.18,*,-0.22,*,-0.56,***,0.4,***,-0.15,,-0.02,,,,0.48,***,0.26,**,0.45,**,,,0.71,***,1.0,***,0.72,***,0.68,***,0.28,**,-0.24,**,,,-0.15,,0.16,,-0.19,*,-0.45,***,0.4,***,,,0.48,***,0.09,,,,,,-0.28,**,,,0.01,,,,-0.3,***,0.48,***,-0.09,,0.22,*,0.25,**,0.51,***,0.1,,0.3,***,0.3,***,0.47,***,-0.25,**,0.46,***
Number of samAs chains,0.68,***,0.34,***,0.05,,0.31,***,0.07,,,,-0.13,,0.29,***,-0.13,,0.29,***,-0.0,,0.51,***,,,-0.04,,0.01,,0.36,***,-0.11,,0.43,***,-0.32,***,,,0.86,***,,,-0.02,,-0.05,,0.58,***,0.41,***,,,0.39,***,,,0.49,***,,,0.28,***,0.36,***,-0.19,*,0.42,***,-0.01,,-0.16,,-0.17,*,-0.19,*,-0.51,***,0.26,**,-0.2,*,-0.06,,,,0.47,***,0.31,***,0.73,***,,,0.73,***,0.72,***,1.0,***,0.68,***,0.34,***,0.06,,,,-0.16,*,0.18,*,-0.01,,-0.46,***,0.42,***,,,0.47,***,0.24,**,,,,,-0.09,,,,0.15,,,,-0.26,**,0.46,***,-0.14,,0.14,,0.27,***,0.52,***,0.24,**,0.24,**,0.24,**,0.53,***,-0.09,,0.47,***
Number of triples (query),1.0,***,0.46,***,-0.27,***,0.43,***,-0.01,,,,-0.2,*,0.04,,-0.2,*,0.04,,-0.29,***,0.45,***,,,-0.26,***,0.03,,0.48,***,0.03,,0.52,***,-0.5,***,,,-0.61,***,,,0.1,,-0.27,***,0.06,,0.31,***,,,0.22,*,,,0.51,***,,,0.11,,0.43,***,-0.3,***,0.27,**,-0.04,,-0.1,,-0.1,,-0.32,***,-0.57,***,0.2,*,-0.1,,0.01,,,,0.29,***,0.43,***,0.4,**,,,0.87,***,0.68,***,0.68,***,1.0,***,0.31,***,-0.03,,,,-0.19,*,0.13,,-0.28,***,-0.53,***,0.43,***,,,0.29,***,0.24,**,,,,,-0.22,*,,,0.25,**,,,-0.04,,0.56,***,-0.3,***,0.16,,0.61,***,0.4,***,0.24,**,0.36,***,0.36,***,0.38,***,-0.48,***,0.53,***
Number of triples linked,0.61,***,0.65,***,0.16,***,0.13,,0.18,***,,,0.19,***,-0.1,,0.19,***,-0.1,,-0.14,***,0.39,***,,,0.17,***,0.19,***,0.2,***,-0.19,***,0.28,***,-0.28,***,,,-0.27,,,,0.28,***,0.62,***,0.17,***,0.19,***,,,0.08,**,,,0.09,,,,0.29,***,0.18,*,-0.2,*,-0.0,,0.14,,0.01,,0.01,,-0.07,,0.18,*,0.16,,0.06,,0.05,,,,0.43,***,0.1,,0.19,,,,0.34,***,0.28,**,0.34,***,0.31,***,1.0,***,0.04,,,,0.17,***,0.2,***,0.19,***,0.17,***,0.77,***,,,0.42,***,0.17,***,,,0.31,***,0.11,,,,0.1,,,,0.27,**,0.24,**,-0.19,*,0.16,,0.14,,0.25,***,-0.04,,0.11,,0.11,,0.41,***,0.12,***,0.13,***
Number of triples updated,-0.03,,0.03,,0.07,,-0.52,***,0.37,***,,,-0.05,,-0.13,,-0.05,,-0.13,,-0.2,*,-0.26,**,,,-0.12,,0.34,***,0.01,,0.05,,-0.24,*,0.37,***,,,0.69,***,,,0.02,,-0.13,,-0.13,,0.02,,,,-0.06,,,,-0.06,,,,0.14,,0.29,**,0.21,*,0.22,*,0.27,**,0.12,,0.14,,-0.47,***,0.18,,-0.46,***,0.16,,0.08,,,,-0.04,,0.41,***,0.82,***,,,-0.26,**,-0.24,**,0.06,,-0.03,,0.04,,1.0,***,,,0.16,,-0.16,,0.48,***,0.12,,-0.09,,,,-0.04,,-0.34,***,,,,,0.25,*,,,0.34,***,,,-0.17,,-0.38,***,-0.33,***,0.28,**,-0.16,,-0.33,***,-0.34,***,0.44,***,0.44,***,-0.19,*,0.0,,-0.12,
Ontology Hijacking problem,,,,,,,,,,,,,,,,,,,,,,,,,,,,,,,,,,,,,,,,,,,,,,,,,,,,,,,,,,,,,,,,,,,,,,,,,,,,,,,,,,,,,,,,,,,,,,,,,,,,,,,,,,,,,,***,,,,,,,,,,,,,,,,,,,,,,,,,,,,,,,,,,,,,,,,,,,,,,,,,,,,
Performance,0.41,***,0.19,***,0.96,***,-0.16,,0.9,***,,,0.28,***,0.08,,0.28,***,0.08,,0.51,***,-0.05,*,,,0.43,***,0.95,***,0.93,***,-0.91,***,-0.01,,0.32,***,,,0.48,**,,,-0.03,,-0.11,***,0.93,***,0.93,***,,,-0.11,***,,,0.12,,,,0.21,***,-0.14,,0.43,***,0.11,,0.23,**,0.82,***,0.81,***,-0.07,,0.1,,-0.45,***,0.78,***,0.74,***,,,0.49,***,0.22,**,0.05,,,,-0.26,**,-0.15,,-0.16,*,-0.19,*,0.17,***,0.16,,,,1.0,***,0.0,,0.93,***,0.93,***,0.08,**,,,0.49,***,0.99,***,,,0.96,***,-0.02,,,,-0.1,,,,-0.01,,-0.32,***,0.08,,0.22,*,-0.48,***,0.3,***,-0.48,***,0.02,,0.02,,0.43,***,0.66,***,0.52,***
Presence of example,0.19,***,0.19,***,0.01,,0.28,**,0.01,,,,-0.03,,0.25,**,-0.03,,0.25,**,-0.1,***,0.08,***,,,0.0,,0.01,,0.01,,-0.02,,-0.05,,-0.16,,,,0.09,,,,0.17,***,0.01,,0.0,,0.02,,,,-0.21,***,,,0.24,*,,,-0.09,***,0.04,,-0.19,*,0.28,**,-0.12,,0.02,,0.01,,-0.01,,-0.3,***,0.13,,-0.04,,0.02,,,,0.21,***,0.01,,-0.11,,,,0.22,**,0.16,,0.18,*,0.13,,0.2,***,-0.16,,,,0.0,,1.0,***,0.01,,0.01,,0.24,***,,,0.21,***,0.01,,,,-0.09,,-0.08,,,,0.03,,,,-0.18,*,0.28,***,0.21,*,-0.07,,0.07,,0.92,***,0.3,***,-0.09,,-0.09,,-0.04,,0.01,,0.03,
Rep. Conciseness,0.39,***,0.21,***,0.96,***,-0.33,***,0.87,***,,,0.25,***,-0.11,,0.25,***,-0.11,,0.47,***,-0.04,,,,0.46,***,0.94,***,0.95,***,-0.92,***,-0.02,,0.4,***,,,0.48,**,,,-0.02,,-0.1,***,0.92,***,0.99,***,,,-0.1,***,,,-0.02,,,,0.19,***,0.11,,0.46,***,0.11,,0.44,***,0.49,***,0.48,***,-0.2,*,0.31,***,-0.47,***,0.48,***,0.37,***,,,0.46,***,0.21,**,0.19,,,,-0.22,**,-0.19,*,-0.01,,-0.28,***,0.19,***,0.48,***,,,0.93,***,0.01,,1.0,***,0.86,***,0.09,***,,,0.46,***,0.91,***,,,0.86,***,0.19,*,,,-0.03,,,,0.02,,-0.42,***,-0.03,,0.03,,-0.52,***,0.32,***,-0.37,***,-0.01,,-0.01,,0.43,***,0.62,***,0.56,***
Interoperability,0.42,***,0.21,***,0.9,***,-0.51,***,0.85,***,,,0.31,***,-0.18,*,0.31,***,-0.18,*,0.48,***,-0.05,*,,,0.42,***,0.89,***,0.87,***,-0.84,***,-0.04,,0.57,***,,,0.29,,,,-0.03,,-0.12,***,0.86,***,0.87,***,,,-0.13,***,,,-0.23,*,,,0.2,***,-0.14,,0.22,*,-0.25,**,-0.03,,0.26,***,0.25,**,0.14,,0.44,***,-0.26,**,0.23,**,0.07,,,,0.52,***,-0.07,,-0.13,,,,-0.52,***,-0.45,***,-0.46,***,-0.53,***,0.17,***,0.12,,,,0.93,***,0.01,,0.86,***,1.0,***,0.07,**,,,0.52,***,0.94,***,,,0.94,***,0.09,,,,0.04,,,,-0.06,,-0.46,***,0.26,**,-0.28,**,-0.48,***,0.33,***,-0.22,**,-0.17,*,-0.17,*,0.46,***,0.75,***,0.47,***
Reputation,0.45,***,0.49,***,0.08,**,0.23,*,0.08,***,,,0.07,**,-0.03,,0.07,**,-0.03,,-0.13,***,0.3,***,,,0.1,***,0.1,***,0.11,***,-0.11,***,0.54,***,-0.38,***,,,-0.36,*,,,0.2,***,0.47,***,0.08,***,0.09,***,,,0.14,***,,,0.18,,,,0.08,***,0.15,,-0.3,***,0.1,,0.04,,-0.08,,-0.08,,-0.04,,-0.02,,0.26,**,-0.04,,0.01,,,,0.28,***,0.1,,0.27,,,,0.53,***,0.4,***,0.42,***,0.43,***,0.77,***,-0.09,,,,0.08,**,0.24,***,0.09,***,0.07,**,1.0,***,,,0.26,***,0.08,***,,,0.22,***,-0.04,,,,0.06,,,,0.17,*,0.39,***,-0.13,,0.13,,0.25,**,0.27,***,0.12,,0.11,,0.11,,0.22,***,0.02,,0.12,***
Requires authentication,,,,,,,,,,,,,,,,,,,,,,,,,,,,,,,,,,,,,,,,,,,,,,,,,,,,,,,,,,,,,,,,,,,,,,,,,,,,,,,,,,,,,,,,,,,,,,,,,,,,,,,,,,,,,,,,,,,,,,,,,,***,,,,,,,,,,,,,,,,,,,,,,,,,,,,,,,,,,,,,,,,
Score,0.6,***,0.51,***,0.48,***,0.47,***,0.46,***,,,0.32,***,-0.04,,0.32,***,-0.04,,0.22,***,0.61,***,,,0.22,***,0.47,***,0.46,***,-0.45,***,0.14,***,-0.36,***,,,0.4,**,,,0.11,***,0.3,***,0.46,***,0.46,***,,,0.31,***,,,0.52,***,,,0.7,***,0.03,,-0.02,,0.33,***,0.1,,0.2,**,0.19,*,-0.33,***,-0.18,,-0.11,,0.26,**,0.35,***,,,1.0,***,0.25,**,0.33,*,,,0.5,***,0.48,***,0.47,***,0.29,***,0.42,***,-0.04,,,,0.49,***,0.21,***,0.46,***,0.52,***,0.26,***,,,1.0,***,0.49,***,,,0.84,***,-0.32,***,,,0.16,,,,-0.06,,0.33,***,0.1,,0.22,*,0.01,,0.38,***,0.1,,0.18,*,0.18,*,0.79,***,0.43,***,0.27,***
Security,0.41,***,0.19,***,0.96,***,0.32,***,0.91,***,,,0.29,***,0.02,,0.29,***,0.02,,0.51,***,-0.04,,,,0.43,***,0.95,***,0.92,***,-0.9,***,-0.01,,-0.2,*,,,-0.73,***,,,-0.03,,-0.11,***,0.92,***,0.92,***,,,-0.11,***,,,0.07,,,,0.2,***,-0.06,,-0.29,***,0.0,,-0.32,***,-0.45,***,-0.45,***,0.15,,-0.26,**,0.29,***,-0.49,***,-0.44,***,,,0.49,***,-0.2,*,-0.1,,,,0.32,***,0.09,,0.24,**,0.24,**,0.17,***,-0.34,***,,,0.99,***,0.01,,0.91,***,0.94,***,0.08,***,,,0.49,***,1.0,***,,,0.97,***,-0.11,,,,-0.04,,,,-0.2,*,0.49,***,0.12,,-0.18,*,0.43,***,0.31,***,1.0,***,-0.15,,-0.15,,0.43,***,0.66,***,0.54,***
Signed,,,,,,,,,,,,,,,,,,,,,,,,,,,,,,,,,,,,,,,,,,,,,,,,,,,,,,,,,,,,,,,,,,,,,,,,,,,,,,,,,,,,,,,,,,,,,,,,,,,,,,,,,,,,,,,,,,,,,,,,,,,,,,,,***,,,,,,,,,,,,,,,,,,,,,,,,,,,,,,,,,,
Sparql endpoint,0.63,***,0.24,***,0.94,***,,,0.88,***,,,0.4,***,,,0.4,***,,,0.87,***,0.12,*,,,0.37,***,0.9,***,0.87,***,-0.86,***,0.18,**,,,,,,,,,-0.31,***,-0.12,*,0.87,***,0.87,***,,,-0.08,,,,,,,,0.27,***,,,,,,,,,,,,,,,,,,,,,,,,,0.84,***,,,-0.05,,,,,,,,,,,,0.31,***,,,,,0.96,***,-0.09,,0.86,***,0.94,***,0.22,***,,,0.84,***,0.97,***,,,1.0,***,,,,,,,,,,,,,,,,,,,0.4,***,,,,,,,0.69,***,0.65,***,0.45,***
Time elapsed since last modification,-0.22,*,-0.12,,0.14,,0.03,,-0.08,,,,0.3,***,0.04,,0.3,***,0.04,,-0.37,***,-0.38,***,,,-0.08,,0.24,**,-0.09,,,,-0.21,*,0.05,,,,-0.42,**,,,0.37,***,-0.1,,-0.2,*,-0.21,*,,,-0.21,,,,-0.49,***,,,-0.24,**,0.15,,0.23,*,0.09,,0.5,***,-0.0,,0.01,,-0.16,,0.23,*,-0.15,,-0.04,,-0.25,**,,,-0.32,***,0.2,*,-0.3,*,,,-0.28,**,-0.28,**,-0.09,,-0.22,*,0.11,,0.25,*,,,-0.02,,-0.08,,0.19,*,0.09,,-0.04,,,,-0.32,***,-0.11,,,,,,1.0,***,,,0.07,,,,-0.28,**,-0.26,**,-0.6,***,,,-0.11,,-0.2,*,-0.11,,0.16,,0.16,,-0.12,,-0.05,,-0.19,*
Triples with empty annotation problem,,,,,,,,,,,,,,,,,,,,,,,,,,,,,,,,,,,,,,,,,,,,,,,,,,,,,,,,,,,,,,,,,,,,,,,,,,,,,,,,,,,,,,,,,,,,,,,,,,,,,,,,,,,,,,,,,,,,,,,,,,,,,,,,,,,,,,***,,,,,,,,,,,,,,,,,,,,,,,,,,,,
Triples with malformed data type literals problem,0.25,**,0.09,,-0.06,,-0.1,,0.35,***,,,0.01,,-0.19,*,0.01,,-0.19,*,-0.15,,0.07,,,,-0.15,,-0.0,,0.15,,-0.01,,0.03,,-0.14,,,,0.08,,,,-0.07,,-0.14,,0.02,,0.14,,,,-0.08,,,,0.14,,,,0.08,,0.23,**,-0.12,,0.06,,0.09,,-0.04,,-0.04,,-0.4,***,-0.12,,-0.23,**,-0.01,,0.09,,,,0.16,,0.26,**,0.37,*,,,0.13,,0.01,,0.15,,0.25,**,0.1,,0.34,***,,,-0.1,,0.03,,-0.03,,0.04,,0.06,,,,0.16,,-0.04,,,,,,0.07,,,,1.0,***,,,-0.08,,0.0,,-0.29,***,0.16,,0.17,*,0.06,,-0.04,,0.33,***,0.33,***,-0.02,,-0.07,,0.16,
Triples with misplaced class problem,,,,,,,,,,,,,,,,,,,,,,,,,,,,,,,,,,,,,,,,,,,,,,,,,,,,,,,,,,,,,,,,,,,,,,,,,,,,,,,,,,,,,,,,,,,,,,,,,,,,,,,,,,,,,,,,,,,,,,,,,,,,,,,,,,,,,,,,,,***,,,,,,,,,,,,,,,,,,,,,,,,
Triples with misplaced property problem,-0.04,,0.07,,,,-0.03,,0.28,***,,,0.08,,-0.29,***,0.08,,-0.29,***,-0.15,,-0.18,*,,,0.18,*,0.31,***,0.3,***,-0.35,***,0.2,*,-0.16,,,,-0.37,*,,,0.04,,0.18,*,-0.18,*,0.21,*,,,-0.38,***,,,-0.19,,,,-0.09,,-0.1,,-0.01,,-0.53,***,-0.03,,0.1,,0.09,,0.11,,0.37,***,-0.02,,0.2,*,0.21,*,,,-0.06,,-0.3,***,0.17,,,,-0.07,,-0.3,***,-0.26,**,-0.04,,0.27,**,-0.17,,,,-0.01,,-0.18,*,0.02,,-0.06,,0.17,*,,,-0.06,,-0.2,*,,,,,-0.28,**,,,-0.08,,,,1.0,***,0.06,,-0.02,,-0.07,,0.13,,0.01,,-0.2,*,-0.14,,-0.14,,-0.18,*,-0.09,,0.01,
Triples with white space in annotation(at the beginning or at the end),0.56,***,0.24,**,0.01,,0.51,***,0.02,,,,-0.2,*,0.01,,-0.2,*,0.01,,-0.17,*,0.36,***,,,-0.06,,-0.29,***,0.44,***,0.06,,0.54,***,-0.39,***,,,-0.5,***,,,0.09,,-0.07,,0.27,**,0.39,***,,,0.07,,,,0.21,,,,-0.06,,0.07,,-0.52,***,0.03,,-0.32,***,-0.25,**,-0.25,**,0.14,,-0.24,*,0.48,***,-0.28,***,-0.15,,,,0.33,***,-0.19,*,0.1,,,,0.74,***,0.48,***,0.46,***,0.56,***,0.24,**,-0.38,***,,,-0.32,***,0.28,***,-0.42,***,-0.46,***,0.39,***,,,0.33,***,0.49,***,,,,,-0.26,**,,,0.0,,,,0.06,,1.0,***,-0.03,,-0.03,,0.6,***,0.67,***,0.49,***,-0.08,,-0.08,,0.27,**,-0.43,***,0.46,***
URIs Deferenceability,-0.3,***,-0.05,,0.07,,-0.09,,-0.17,,,,-0.17,*,0.21,*,-0.17,*,0.21,*,0.68,***,0.31,***,,,0.26,**,-0.44,***,-0.39,***,0.07,,-0.14,,0.24,**,,,0.77,***,,,-0.32,***,0.26,**,0.22,**,-0.18,*,,,0.4,***,,,0.09,,,,0.11,,-0.32,***,-0.02,,-0.04,,-0.39,***,-0.07,,-0.07,,0.37,***,-0.17,,0.29,***,-0.1,,-0.03,,,,0.1,,-0.13,,-0.27,,,,-0.16,,-0.09,,-0.14,,-0.3,***,-0.19,*,-0.33,***,,,0.08,,0.21,*,-0.03,,0.26,**,-0.13,,,,0.1,,0.12,,,,,,-0.6,***,,,-0.29,***,,,-0.02,,-0.03,,1.0,***,-0.31,***,-0.39,***,0.04,,0.11,,-0.48,***,-0.48,***,-0.12,,0.33,***,-0.26,**
Undefined class used without declaration,0.16,,0.09,,,,,,0.38,***,,,0.02,,-0.09,,0.02,,-0.09,,-0.19,*,-0.06,,,,0.02,,0.22,*,0.33,***,-0.31,***,0.07,,-0.06,,,,,,,,0.04,,0.03,,0.01,,0.26,**,,,-0.08,,,,0.09,,,,0.07,,-0.06,,-0.04,,0.22,*,0.2,*,0.18,*,0.17,,-0.38,***,-0.05,,-0.17,,0.17,,0.3,***,,,0.22,*,-0.01,,,,,,0.08,,0.22,*,0.14,,0.16,,0.16,,0.28,**,,,0.22,*,-0.07,,0.03,,-0.28,**,0.13,,,,0.22,*,-0.18,*,,,,,,,,,0.16,,,,-0.07,,-0.03,,-0.31,***,1.0,***,0.04,,-0.0,,-0.18,*,0.66,***,0.66,***,0.19,*,-0.04,,0.16,
Undefined properties used without declaration,0.61,***,0.2,*,-0.17,*,0.46,***,0.05,,,,0.03,,-0.21,**,0.03,,-0.21,**,-0.31,***,0.21,**,,,-0.31,***,-0.14,,0.31,***,0.25,**,0.5,***,-0.49,***,,,-0.82,***,,,0.11,,-0.32,***,0.04,,0.16,*,,,0.04,,,,0.17,,,,-0.11,,0.27,**,-0.49,***,-0.16,,-0.22,*,-0.38,***,-0.38,***,-0.12,,-0.31,***,0.27,**,-0.37,***,-0.3,***,,,0.01,,-0.09,,0.37,*,,,0.57,***,0.25,**,0.27,***,0.61,***,0.14,,-0.16,,,,-0.48,***,0.07,,-0.52,***,-0.48,***,0.25,**,,,0.01,,0.43,***,,,,,-0.11,,,,0.17,*,,,0.13,,0.6,***,-0.39,***,0.04,,1.0,***,0.29,***,0.46,***,0.12,,0.12,,0.05,,-0.54,***,0.46,***
Understandability,0.32,***,0.27,***,0.32,***,0.58,***,0.3,***,,,0.09,***,0.26,**,0.09,***,0.26,**,0.04,,0.06,**,,,0.12,***,0.3,***,0.31,***,-0.31,***,-0.04,,-0.59,***,,,0.09,,,,0.16,***,-0.03,,0.31,***,0.32,***,,,-0.23,***,,,0.35,***,,,-0.02,,0.04,,-0.38,***,0.38,***,-0.15,,-0.12,,-0.12,,-0.06,,-0.43,***,0.23,**,-0.12,,0.01,,,,0.38,***,-0.05,,0.13,,,,0.73,***,0.51,***,0.52,***,0.4,***,0.25,***,-0.33,***,,,0.3,***,0.92,***,0.32,***,0.33,***,0.27,***,,,0.38,***,0.31,***,,,0.4,***,-0.2,*,,,0.06,,,,0.01,,0.67,***,0.04,,-0.0,,0.29,***,1.0,***,0.34,***,0.04,,0.04,,0.14,***,0.26,***,0.26,***
Use HTTPS,0.24,**,-0.14,,-0.06,,0.32,***,-0.17,*,,,-0.08,,0.03,,-0.08,,0.03,,-0.08,,0.27,***,,,-0.05,,-0.27,***,-0.1,,0.25,**,0.4,***,-0.2,*,,,-0.73,***,,,0.17,*,-0.06,,0.28,***,0.1,,,,0.19,,,,0.07,,,,-0.05,,-0.05,,-0.29,***,0.0,,-0.35,***,-0.45,***,-0.45,***,0.15,,-0.26,**,0.33,***,-0.49,***,-0.44,***,,,0.11,,-0.22,**,-0.25,,,,0.32,***,0.1,,0.24,**,0.24,**,-0.04,,-0.34,***,,,-0.48,***,0.3,***,-0.37,***,-0.22,**,0.12,,,,0.1,,1.0,***,,,,,-0.11,,,,-0.04,,,,-0.2,*,0.49,***,0.11,,-0.18,*,0.46,***,0.34,***,1.0,***,-0.15,,-0.15,,0.13,,-0.23,**,0.24,**
Use RDF structures,0.36,***,0.17,*,0.12,,-0.03,,0.26,**,,,0.02,,-0.05,,0.02,,-0.05,,-0.24,**,-0.09,,,,-0.15,,0.31,***,0.38,***,-0.1,,0.0,,-0.14,,,,0.09,,,,0.06,,-0.18,*,-0.06,,0.11,,,,-0.1,,,,0.11,,,,0.03,,0.35,***,0.02,,0.44,***,0.33,***,0.04,,0.03,,-0.58,***,-0.17,,-0.34,***,0.07,,0.11,,,,0.18,*,0.26,**,0.58,***,,,0.24,**,0.3,***,0.24,**,0.36,***,0.11,,0.44,***,,,0.02,,-0.09,,-0.01,,-0.17,*,0.11,,,,0.18,*,-0.15,,,,,,0.16,,,,0.33,***,,,-0.14,,-0.08,,-0.48,***,0.66,***,0.12,,0.04,,-0.15,,1.0,***,1.0,***,0.13,,-0.09,,0.23,**
Uses RDF structures,0.36,***,0.17,*,0.12,,-0.03,,0.26,**,,,0.02,,-0.05,,0.02,,-0.05,,-0.24,**,-0.09,,,,-0.15,,0.31,***,0.38,***,-0.1,,0.0,,-0.14,,,,0.09,,,,0.06,,-0.18,*,-0.06,,0.11,,,,-0.1,,,,0.11,,,,0.03,,0.35,***,0.02,,0.44,***,0.33,***,0.04,,0.03,,-0.58,***,-0.17,,-0.34,***,0.07,,0.11,,,,0.18,*,0.26,**,0.58,***,,,0.24,**,0.3,***,0.24,**,0.36,***,0.11,,0.44,***,,,0.02,,-0.09,,-0.01,,-0.17,*,0.11,,,,0.18,*,-0.15,,,,,,0.16,,,,0.33,***,,,-0.14,,-0.08,,-0.48,***,0.66,***,0.12,,0.04,,-0.15,,1.0,***,1.0,***,0.13,,-0.09,,0.23,**
Verifiability,0.53,***,0.46,***,0.42,***,0.45,***,0.4,***,,,0.29,***,0.5,***,0.29,***,0.5,***,0.04,,0.46,***,,,0.19,***,0.44,***,0.43,***,-0.42,***,0.16,***,-0.46,***,,,0.37,*,,,0.25,***,0.33,***,0.42,***,0.43,***,,,0.2,***,,,0.46,***,,,0.65,***,0.12,,-0.03,,0.45,***,0.16,,0.06,,0.06,,-0.11,,-0.41,***,0.15,,0.05,,0.19,*,,,0.79,***,0.37,***,-0.1,,,,0.52,***,0.47,***,0.53,***,0.38,***,0.41,***,-0.19,*,,,0.43,***,-0.04,,0.43,***,0.46,***,0.22,***,,,0.79,***,0.43,***,,,0.69,***,-0.12,,,,-0.02,,,,-0.18,*,0.27,**,-0.12,,0.19,*,0.05,,0.14,***,0.13,,0.13,,0.13,,1.0,***,0.4,***,0.28,***
Versatility,0.29,***,0.13,***,0.65,***,-0.16,,0.61,***,,,0.3,***,0.37,***,0.3,***,0.37,***,0.36,***,-0.06,**,,,0.37,***,0.61,***,0.59,***,-0.61,***,-0.09,***,0.36,***,,,0.74,***,,,-0.05,*,-0.06,**,0.63,***,0.6,***,,,-0.11,***,,,0.12,,,,0.17,***,-0.21,*,0.52,***,0.15,,0.14,,0.28,***,0.27,***,0.02,,-0.18,*,-0.23,**,0.26,***,0.26,**,,,0.43,***,0.0,,-0.4,**,,,-0.38,***,-0.25,**,-0.09,,-0.48,***,0.12,***,0.0,,,,0.66,***,0.01,,0.62,***,0.75,***,0.02,,,,0.43,***,0.66,***,,,0.65,***,-0.05,,,,-0.07,,,,-0.09,,-0.43,***,0.33,***,-0.04,,-0.54,***,0.26,***,-0.23,**,-0.09,,-0.09,,0.4,***,1.0,***,0.21,***
Timeliness,0.27,***,0.15,***,0.55,***,0.69,***,0.58,***,,,0.15,***,-0.09,,0.15,***,-0.09,,0.24,***,0.02,,,,0.03,,0.56,***,0.59,***,-0.52,***,0.09,**,-0.64,***,,,-0.22,,,,0.03,,-0.1,***,0.58,***,0.59,***,,,-0.06,*,,,0.57,***,,,0.13,***,0.2,*,-0.18,*,0.32,***,0.04,,-0.13,,-0.12,,-0.38,***,-0.46,***,0.01,,-0.06,,0.06,,,,0.27,***,0.09,,0.38,**,,,0.69,***,0.46,***,0.47,***,0.53,***,0.13,***,-0.12,,,,0.52,***,0.03,,0.56,***,0.47,***,0.12,***,,,0.27,***,0.54,***,,,0.45,***,-0.19,*,,,0.16,,,,0.01,,0.46,***,-0.26,**,0.16,,0.46,***,0.26,***,0.24,**,0.23,**,0.23,**,0.28,***,0.21,***,1.0,***
